[
  {
    "id": 1,
    "title": "The Great Wars",
    "created_at": "2024-11-01T10:15:30Z",
    "created_by": "user123",
    "point_avg": 85,
    "attempts": 120,
    "categories": {
      "name": "History",
      "description": "Engaging questions about historical events, people, and facts.",
      "color": "brown"
    },
    "profiles": {
      "username": "user456"
    },
    "description": "Test your knowledge about the most significant wars in human history, from the World Wars to the Cold War.",
    "questions": [
      {
        "question": "What year marked the start of World War I?",
        "answers": ["1914", "1918", "1939", "1945"]
      },
      {
        "question": "Which treaty ended World War I?",
        "answers": [
          "Treaty of Versailles",
          "Treaty of Paris",
          "Treaty of Rome",
          "Treaty of London"
        ]
      }
    ]
  },
  {
    "id": 2,
    "title": "Science and Inventions",
    "created_at": "2024-11-05T14:20:45Z",
    "created_by": "user456",
    "point_avg": 78,
    "attempts": 98,
    "image": "https://utfs.io/f/GfpVxYFJq1nM3lfRFGTOfcSVzEulxGgFh9pD1d2r80LRaWtQ",
    "categories": {
      "name": "Science",
      "description": "Exciting and educational questions about scientific facts and discoveries.",
      "color": "blue"
    },
    "profiles": {
      "username": "user456"
    },
    "description": "Challenge yourself with questions about scientific innovations and the minds behind the greatest inventions of all time.",
    "questions": [
      {
        "question": "Who invented the light bulb?",
        "answers": [
          "Thomas Edison",
          "Nikola Tesla",
          "Alexander Graham Bell",
          "Marie Curie"
        ]
      },
      {
        "question": "Which planet is closest to the Sun?",
        "answers": ["Mercury", "Venus", "Earth", "Mars"]
      }
    ]
  },
  {
    "id": 3,
    "title": "90s Pop Culture",
    "created_at": "2024-11-08T08:30:00Z",
    "created_by": "user789",
    "point_avg": 90,
    "attempts": 150,
    "image": "https://utfs.io/f/GfpVxYFJq1nMLoCP6R2aDSnf4o70qPEQhRwTW3x5Ul6Mu1Yg",
    "categories": {
      "name": "Entertainment",
      "description": "Fun and entertaining questions about movies, TV, pop culture, and more.",
      "color": "red"
    },
    "profiles": {
      "username": "user456"
    },
    "description": "Relive the best moments of the 90s with questions on pop culture, music, movies, and iconic TV shows from that unforgettable decade.",
    "questions": [
      {
        "question": "Which band released the album 'Nevermind' in 1991?",
        "answers": ["Nirvana", "Pearl Jam", "Soundgarden", "Alice in Chains"]
      },
      {
        "question": "Which Pixar animated movie was released in 1995?",
        "answers": [
          "Toy Story",
          "Finding Nemo",
          "The Incredibles",
          "Ratatouille"
        ]
      }
    ]
  },
  {
    "id": 4,
    "title": "Capitals of the World",
    "created_at": "2024-11-10T12:45:20Z",
    "created_by": "user321",
    "point_avg": 88,
    "attempts": 75,
    "categories": {
      "name": "Geography",
      "description": "Educational questions about world capitals, countries, and geography.",
      "color": "green"
    },
    "profiles": {
      "username": "user456"
    },
    "description": "Do you know the capitals of the world? Test your geographical knowledge with questions about countries and their capitals.",
    "questions": [
      {
        "question": "What is the capital of Australia?",
        "answers": ["Canberra", "Sydney", "Melbourne", "Brisbane"]
      },
      {
        "question": "What is the capital of Brazil?",
        "answers": ["Brasília", "Rio de Janeiro", "São Paulo", "Salvador"]
      }
    ]
  },
  {
    "id": 5,
    "title": "Advanced Mathematics",
    "created_at": "2024-11-12T10:00:00Z",
    "created_by": "user111",
    "point_avg": 92,
    "attempts": 200,
    "categories": {
      "name": "Mathematics",
      "description": "Test your skills in mathematics, from basic to advanced concepts.",
      "color": "yellow"
    },
    "profiles": {
      "username": "user456"
    },
    "description": "Put your math skills to the test with advanced problems in algebra, geometry, and calculus. Only the brave will succeed!",
    "questions": [
      {
        "question": "What is the derivative of x²?",
        "answers": ["2x", "x²", "x", "1"]
      },
      {
        "question": "How many sides does an octagon have?",
        "answers": ["6", "8", "10", "12"]
      }
    ]
  },
  {
    "id": 6,
    "title": "History of Arts",
    "created_at": "2024-11-14T09:15:30Z",
    "created_by": "user222",
    "point_avg": 80,
    "attempts": 110,
    "image": "https://utfs.io/f/GfpVxYFJq1nMMwR180YE2WmElyb8DrjcA4ItPuafwkqUYK7V",
    "categories": {
      "name": "Art",
      "description": "A journey through the history of arts, from the Renaissance to modern art.",
      "color": "purple"
    },
    "profiles": {
      "username": "user456"
    },
    "description": "Discover the masterpieces of art history, test your knowledge on famous artists, movements, and art history.",
    "questions": [
      {
        "question": "Who painted the Mona Lisa?",
        "answers": [
          "Leonardo da Vinci",
          "Pablo Picasso",
          "Vincent van Gogh",
          "Claude Monet"
        ]
      },
      {
        "question": "Which artistic movement is associated with Salvador Dalí?",
        "answers": ["Surrealism", "Cubism", "Impressionism", "Renaissance"]
      }
    ]
  },
  {
    "id": 7,
    "title": "Famous Movies of the 2000s",
    "created_at": "2024-11-16T11:40:00Z",
    "created_by": "user333",
    "point_avg": 75,
    "attempts": 60,
    "image": "https://utfs.io/f/GfpVxYFJq1nM4F5NSAC1vuIOMRNXoGVgB1DzQTKYSHbCPj7q",
    "categories": {
      "name": "Movies",
      "description": "Test your knowledge of popular films, directors, and movie trivia.",
      "color": "pink"
    },
    "profiles": {
      "username": "user456"
    },
    "description": "Dive into the world of iconic 2000s movies with questions about popular films, memorable quotes, and famous directors.",
    "questions": [
      {
        "question": "Which movie won the Academy Award for Best Picture in 2001?",
        "answers": [
          "Gladiator",
          "A Beautiful Mind",
          "Titanic",
          "The Lord of the Rings"
        ]
      },
      {
        "question": "Which actor starred in the 2003 movie 'Pirates of the Caribbean'?",
        "answersc": ["Johnny Depp", "Orlando Bloom", "Brad Pitt", "Tom Cruise"]
      }
    ]
  }
]
